id,name,created_at
10kswap-starknet-alpha,10KSwap,20250330_014029
9inch,9inch,20250330_014029
9mm-v3,9mm V3 (Pulsechain),20250330_014029
9mm-v3-base,9mm V3 (Base),20250330_014029
9mm-v3-sonic,9mm V3 (Sonic),20250330_014029
aboard-exchange,Aboard Exchange,20250330_014029
abstradex,AbstraDEX,20250330_014029
acala_swap,Acala Swap,20250330_014029
acdx,ACDX,20250330_014029
ace,Ace,20250330_014029
aerodrome-base,Aerodrome (Base),20250330_014029
aerodrome-slipstream,Aerodrome SlipStream,20250330_014029
aevo,Aevo,20250330_014029
aftermath_finance,Aftermath Finance,20250330_014029
agni-finance,Agni Finance,20250330_014029
aktionariat-ethereum,Aktionariat (Ethereum),20250330_014029
alcor,Alcor,20250330_014029
alexgo,ALEX,20250330_014029
alien-base,Alien Base,20250330_014029
alien-base-v3,Alien Base V3,20250330_014029
allinxswap-opbnb,AllInXSwap (opBnb),20250330_014029
altcointrader,AltcoinTrader,20250330_014029
alterdice,AlterDice,20250330_014029
amaterasu,Amaterasu Finance,20250330_014029
animeswap,Animeswap,20250330_014029
antfarm-avalanche,Antfarm (Avalanche),20250330_014029
antfarm-ethereum,Antfarm (Ethereum) ,20250330_014029
apertureswap,ApertureSwap,20250330_014029
apeswap-arbitrum,Apeswap (Arbitrum),20250330_014029
apeswap_bsc,ApeSwap,20250330_014029
apeswap_polygon,ApeSwap (Polygon),20250330_014029
apeswap_telos,Apeswap (Telos),20250330_014029
apex-omni,ApeX Omni,20250330_014029
apex_pro,ApeX Pro,20250330_014029
aprobit,Aprobit,20250330_014029
aquarius,Aquarius,20250330_014029
aquaspace,AquaSpace,20250330_014029
aqx,AQX,20250330_014029
aqx_derivatives,Flipster,20250330_014029
arbidex,Arbidex,20250330_014029
arbswap_arbitrum_one,Arbswap,20250330_014029
archerswap,Archerswap,20250330_014029
arkham,Arkham,20250330_014029
arkham_futures,Arkham (Futures),20250330_014029
armada,Armada,20250330_014029
artexswap,ArtexSwap,20250330_014029
arthswap,ArthSwap,20250330_014029
arthswap-astar-zkevm,ArthSwap (Astar zkEVM),20250330_014029
ashswap,Ashswap,20250330_014029
astra,Astra,20250330_014029
astroport_injective,Astroport (Injective),20250330_014029
astroport_neutron,Astroport (Neutron),20250330_014029
astroport_osmosis,Astroport (Osmosis),20250330_014029
astroport-sei,Astroport (Sei),20250330_014029
astroport_v2,Astroport V2,20250330_014029
astrovault,Astrovault,20250330_014029
auriswap,Auriswap,20250330_014029
auroraswap,AuroraSwap,20250330_014029
autoshark_finance,AutoShark Finance,20250330_014029
aux,AUX Exchange,20250330_014029
ayin,AYIN,20250330_014029
azbit,Azbit,20250330_014029
azomi,Azomi,20250330_014029
babydogeswap,BabyDogeSwap,20250330_014029
babyswap,BabySwap,20250330_014029
backpack_exchange,Backpack Exchange ,20250330_014029
backpack-futures,Backpack (Futures),20250330_014029
baguette,Baguette,20250330_014029
bakeryswap,Bakeryswap,20250330_014029
bakeryswap-base,BakerySwap (Base),20250330_014029
balanced_network,Balanced,20250330_014029
balancer,Balancer V2,20250330_014029
balancer_arbitrum,Balancer V2 (Arbitrum),20250330_014029
balancer-gnosis,Balancer V2 (Gnosis),20250330_014029
balancer_polygon,Balancer V2 (Polygon),20250330_014029
balancer-v2-avalanche,Balancer V2 (Avalanche),20250330_014029
balancer-v2-base,Balancer V2 (Base),20250330_014029
balancer-v2-fraxtal,Balancer V2 (Fraxtal),20250330_014029
balancer-v2-mode,Balancer V2 (Mode),20250330_014029
balancer-v2-polygon-zkevm,Balancer V2 (Polygon zkEVM) ,20250330_014029
bancor,Bancor (V2),20250330_014029
bancor_v3,Bancor (V3),20250330_014029
baptswap,BAPTSwap,20250330_014029
baryon_network,Baryon Network,20250330_014029
baryon-network-viction,BaryonSwap (Viction),20250330_014029
baseswap,BaseSwap,20250330_014029
baseswap-v3,BaseSwap V3,20250330_014029
basex,BaseX,20250330_014029
basin-arbitrum-one,Basin,20250330_014029
bcex,BCEX,20250330_014029
beamswap,Beamswap,20250330_014029
beam-swap,Beam Swap,20250330_014029
beethovenx,Beethoven X,20250330_014029
beethoven_x_optimism,Beethoven X (Optimism),20250330_014029
beets-sonic,Beets (Sonic),20250330_014029
beezee-dex,BeeZee DEX,20250330_014029
befilabs,BeFi Labs,20250330_014029
bevmswap,BEVMSwap,20250330_014029
bex,BEX,20250330_014029
bibox,Bibox,20250330_014029
bibox_futures,Bibox (Futures),20250330_014029
biconomy,Biconomy.com,20250330_014029
biconomy-futures,Biconomy (Futures),20250330_014029
bifrost_swap,Bifrost Swap,20250330_014029
bigone,BigONE,20250330_014029
bigone_futures,BigONE Futures,20250330_014029
bilaxy,Bilaxy,20250330_014029
binance,Binance,20250330_014029
binance_dex,Binance DEX,20250330_014029
binance_dex_mini,Binance DEX (Mini),20250330_014029
binance_futures,Binance (Futures),20250330_014029
binance_us,Binance US,20250330_014029
bingx,BingX,20250330_014029
bingx_futures,BingX (Futures),20250330_014029
birake,Birake,20250330_014029
bisq,Bisq,20250330_014029
biswap,Biswap,20250330_014029
biswap-v3-1,Biswap V3,20250330_014029
bit2c,Bit2c,20250330_014029
bit2me,Bit2Me,20250330_014029
bitazza,Bitazza,20250330_014029
bitbank,Bitbank,20250330_014029
bitbay,zondacrypto,20250330_014029
bitbegin,Bitbegin,20250330_014029
bitbns,BitBNS,20250330_014029
bitcastle,bitcastle,20250330_014029
bitci,Bitci TR,20250330_014029
bitcoin_com,FMFW.io,20250330_014029
bitcointry_exchange,Bitcointry,20250330_014029
bit_com,BIT,20250330_014029
bitdelta,BitDelta,20250330_014029
bitdrome-finance,Bitdrome Finance,20250330_014029
bitexbook,BITEXBOOK,20250330_014029
bitexen,Bitexen,20250330_014029
bitexlive,Bitexlive,20250330_014029
bitfinex,Bitfinex,20250330_014029
bitfinex_futures,Bitfinex (Futures),20250330_014029
bitflow,Bitflow,20250330_014029
bitflyer,bitFlyer,20250330_014029
bitflyer_futures,Bitflyer (Futures),20250330_014029
bitgenie-merlin-chain,BitGenie,20250330_014029
bitget,Bitget,20250330_014029
bitget_futures,Bitget Futures,20250330_014029
bithumb,Bithumb,20250330_014029
bitker,BITKER,20250330_014029
bitkub,Bitkub,20250330_014029
bitlo,Bitlo,20250330_014029
bitmake,BitMake,20250330_014029
bitmake_futures,BitMake Futures,20250330_014029
bitmart,BitMart,20250330_014029
bitmart_futures,Bitmart Futures,20250330_014029
bitmax,AscendEX (BitMax),20250330_014029
bitmax_futures,AscendEX  (BitMax) (Futures),20250330_014029
bitmex,BitMEX (Derivative),20250330_014029
bitmex_spot,BitMEX,20250330_014029
bitonbay,BitOnBay,20250330_014029
bitopro,BitoPro,20250330_014029
bitpanda,One Trading,20250330_014029
bitrue,Bitrue,20250330_014029
bitrue_futures,Bitrue (Futures),20250330_014029
bitso,Bitso,20250330_014029
bitstamp,Bitstamp,20250330_014029
bitsten,Bitsten,20250330_014029
bitstorage,BitStorage,20250330_014029
bitswap,BitSwap,20250330_014029
bitswap-v2-bouncebit,BitSwap V2 (BounceBit),20250330_014029
bitswap-v3-bouncebit,BitSwap V3 (BounceBit) ,20250330_014029
bittime,Bittime,20250330_014029
bitunix,Bitunix,20250330_014029
bitunix_futures,Bitunix Futures,20250330_014029
bitvavo,Bitvavo,20250330_014029
bitvenus,BVOX (Futures),20250330_014029
bitvenus_spot,BVOX,20250330_014029
bladeswap,BladeSwap,20250330_014029
bladeswap-volatile-pools-blast,BladeSwap (Volatile Pools),20250330_014029
blasterswap,BlasterSwap,20250330_014029
blasterswap-v3,Blasterswap V3,20250330_014029
blazeswap,Blazeswap (Songbird),20250330_014029
blazeswap-flare,BlazeSwap (Flare) ,20250330_014029
blitz,Blitz,20250330_014029
blockchain_com,Blockchain.com,20250330_014029
blofin,BloFin (Futures),20250330_014029
blofin_spot,BloFin,20250330_014029
bluefin,Bluefin,20250330_014029
bluefin_futures,Bluefin (Futures),20250330_014029
bluelotusdao,BlueLotusDAO,20250330_014029
bluemove,BlueMove,20250330_014029
blueprint,Blueprint,20250330_014029
blueshift,Blueshift,20250330_014029
btc_alpha,BTC-Alpha,20250330_014029
btcbox,BTCBOX,20250330_014029
btcc,BTCC,20250330_014029
btcmarkets,BTCMarkets,20250330_014029
btc_trade_ua,BTC Trade UA,20250330_014029
btcturk,BtcTurk | Kripto,20250330_014029
btse,BTSE,20250330_014029
btse_futures,BTSE (Futures),20250330_014029
bulbaswap-v2,Bulbaswap V2,20250330_014029
bulla,Bulla,20250330_014029
bullish_com,Bullish,20250330_014029
bunnyswap,BunnySwap,20250330_014029
burrbear,Burrbear,20250330_014029
butter-xyz,Butter.xyz,20250330_014029
buyucoin,BuyUcoin,20250330_014029
bw,BWFX.pro,20250330_014029
bybit,Bybit (Futures),20250330_014029
bybit_spot,Bybit,20250330_014029
bydfi,BYDFi,20250330_014029
bydfi-futures,BYDFi (Futures),20250330_014029
byte-exchange,Byte Exchange,20250330_014029
camelot,Camelot,20250330_014029
camelot-sanko,Camelot V3 (Sanko),20250330_014029
camelot-v2-apechain,Camelot V2 (ApeChain),20250330_014029
camelot-v2-educhain,Camelot V2 (EDU Chain),20250330_014029
camelot-v3,Camelot V3,20250330_014029
camelot-v3-corn,Camelot V3 (Corn),20250330_014029
camelot-v3-edu-chain,Camelot V3 (EDU Chain),20250330_014029
camelot-v3-gravity,Camelot V3 (Gravity),20250330_014029
canto_dex,Canto Dex,20250330_014029
carbon,Carbon Defi (Ethereum),20250330_014029
carbon-defi-celo,Carbon DeFi (Celo),20250330_014029
carbon-defi-seiv2,Carbon DeFi (Sei V2),20250330_014029
catex,Catex,20250330_014029
caviarnine,CaviarNine,20250330_014029
cellana-finance,Cellana Finance,20250330_014029
cetoswap,Cetoswap (Manta Pacific),20250330_014029
cetus,Cetus,20250330_014029
cex,CEX.IO,20250330_014029
chainex,ChainEX,20250330_014029
chainflip,Chainflip,20250330_014029
changelly,Changelly PRO,20250330_014029
changenow,ChangeNOW,20250330_014029
cherryswap,CherrySwap,20250330_014029
chronos,Chronos,20250330_014029
citex,CITEX,20250330_014029
claimswap,Claimswap,20250330_014029
cleopatra-exchange,Cleopatra Exchange,20250330_014029
clipper-arbitrum,Clipper (Arbitrum),20250330_014029
clipper_ethereum,Clipper (Ethereum),20250330_014029
clipper_optimism,Clipper (Optimism),20250330_014029
clipper_polygon,Clipper (Polygon),20250330_014029
cme_futures,CME Group,20250330_014029
coinbase_international,Coinbase International Exchange,20250330_014029
coinbase_international_derivatives,Coinbase International Exchange (Derivatives),20250330_014029
coincall,Coincall,20250330_014029
coincatch,CoinCatch,20250330_014029
coincatch_derivatives,CoinCatch Derivatives,20250330_014029
coincheck,Coincheck,20250330_014029
coindcx,CoinDCX,20250330_014029
coinex,CoinEx,20250330_014029
coinex_futures,CoinEx (Futures),20250330_014029
coinjar,CoinJar Exchange,20250330_014029
coinlist,Coinlist,20250330_014029
coin_metro,Coinmetro,20250330_014029
coinone,Coinone,20250330_014029
coinspro,Coins.ph,20250330_014029
coinstore,Coinstore,20250330_014029
coinswap,CoinSwap,20250330_014029
cointr,CoinTR,20250330_014029
coinw,CoinW,20250330_014029
coinw_futures,CoinW (Futures),20250330_014029
coinzoom,Coinzoom,20250330_014029
comethswap,ComethSwap,20250330_014029
common,Common,20250330_014029
concave,Concave,20250330_014029
convergence-finance-v2,Convergence Finance,20250330_014029
corex,COREx,20250330_014029
c_patex,C-Patex,20250330_014029
crema_finance,Crema Finance,20250330_014029
crescent,Crescent,20250330_014029
crodex,Crodex,20250330_014029
cronaswap,Cronaswap,20250330_014029
cronus_finance,Cronus Finance,20250330_014029
croswap,CroSwap,20250330_014029
crowdswap-polygon,CrowdSwap (Polygon),20250330_014029
cryptal,Cryptal,20250330_014029
crypto_com,Crypto.com Exchange,20250330_014029
crypto_com_futures,Crypto.com Exchange (Futures),20250330_014029
cryptology,Tothemoon,20250330_014029
cswap,cSwap,20250330_014029
cube,Cube,20250330_014029
cubiswap,CUBISwap,20250330_014029
currency,Currency.com,20250330_014029
curve_arbitrum,Curve (Arbitrum),20250330_014029
curve_avalanche,Curve (Avalanche),20250330_014029
curve-base,Curve (Base),20250330_014029
curve-bsc,Curve (BSC),20250330_014029
curve-celo,Curve (Celo),20250330_014029
curve_ethereum,Curve (Ethereum),20250330_014029
curve_fantom,Curve (Fantom),20250330_014029
curve-fraxtal,Curve (Fraxtal),20250330_014029
curve-gnosis,Curve (Gnosis),20250330_014029
curve_moonbeam,Curve (Moonbeam),20250330_014029
curve_optimism,Curve (Optimism),20250330_014029
curve_polygon,Curve (Polygon),20250330_014029
curve-sonic,Curve (Sonic),20250330_014029
cyberblast-v2,Cyberblast V2,20250330_014029
cyberblast-v3,Cyberblast V3,20250330_014029
cyberperp,Cyberperp,20250330_014029
cytoswap,Cytoswap,20250330_014029
d8x-futures,D8X,20250330_014029
dackieswap,DackieSwap V3,20250330_014029
dackieswap-v2,DackieSwap V2,20250330_014029
dackieswap-v3-mode,DackieSwap V3 (Mode),20250330_014029
daos-fun,Daos.fun,20250330_014029
darkknight,Dark KnightSwap,20250330_014029
datadex,DataDex,20250330_014029
dcoin,Dcoin,20250330_014029
dedust,DeDust,20250330_014029
deepcoin,Deepcoin,20250330_014029
deepcoin_derivatives,Deepcoin (Derivatives),20250330_014029
defichain,DeFiChain DEX,20250330_014029
defi_kingdoms,Defi Kingdoms,20250330_014029
defi_kingdoms_crystalvale,Defi Kingdoms (Crystalvale),20250330_014029
defiplaza_radix,DefiPlaza (Radix),20250330_014029
defi_swap,DeFi Swap,20250330_014029
defive,DeFive,20250330_014029
defx,Defx,20250330_014029
degate,DeGate,20250330_014029
degenswap-degenchain,DegenSwap,20250330_014029
delta_futures,Delta Exchange (Futures),20250330_014029
delta_spot,Delta Exchange,20250330_014029
deltaswap,DeltaSwap (Arbitrum),20250330_014029
deltaswap-base,Deltaswap (Base),20250330_014029
dem_exchange,Demex,20250330_014029
demex_derivatives,Demex (Derivatives),20250330_014029
deribit,Deribit,20250330_014029
deribit_spot,Deribit Spot,20250330_014029
derive-futures,Derive (Futures),20250330_014029
derive-spot,Derive (Spot),20250330_014029
derpdex,DerpDEX (zkSync),20250330_014029
derpdex-base,DerpDEX (Base),20250330_014029
derpdex-opbnb,DerpDEX (opBnb),20250330_014029
deversifi,Rhino.fi,20250330_014029
dexalot,Dexalot,20250330_014029
dexie,dexie,20250330_014029
dexlab,Dexlab,20250330_014029
dexonic,Dexonic,20250330_014029
dexter,Persistence DEX,20250330_014029
dextoro,DexToro Pro,20250330_014029
dextrade,Dex-Trade,20250330_014029
dezswap,Dezswap,20250330_014029
dfx,DFX,20250330_014029
dfx_polygon,DFX (Polygon),20250330_014029
dfyn,Dfyn,20250330_014029
difx,DIFX,20250330_014029
digifinex,DigiFinex,20250330_014029
digitalexchange_id,Digitalexchange.id,20250330_014029
dodo,DODO (Ethereum),20250330_014029
dodo_arbitrum,DODO (Arbitrum),20250330_014029
dodo-avalanche,DODO (Avalanche),20250330_014029
dodo_bsc,DODO (BSC),20250330_014029
dodo-mantle,DODO (Mantle),20250330_014029
dodo_polygon,DODO (Polygon),20250330_014029
dodo_zircuit,DODO (Zircuit),20250330_014029
dogeshrek,Dogeshrek,20250330_014029
dogeswap,DogeSwap,20250330_014029
dojoswap,DojoSwap,20250330_014029
donekswap,Donkeswap,20250330_014029
dooar_bsc,DOOAR (BSC),20250330_014029
dooar_ethereum,DOOAR (Ethereum),20250330_014029
dooar-polygon,DOOAR (Polygon),20250330_014029
doveswap-v3,DoveSwap V3,20250330_014029
dracula-finance,Dracula Finance,20250330_014029
dragonswap,DragonSwap,20250330_014029
dragonswap-v2,DragonSwap V2,20250330_014029
dragonswap-v3,DragonSwap V3 (Kaia),20250330_014029
drift_protocol,Drift Protocol,20250330_014029
dtxswap-taiko,DTXSwap (Taiko),20250330_014029
duckswap,DuckSwap,20250330_014029
duckydefi,DuckyDeFi,20250330_014029
dusa,Dusa,20250330_014029
dydx_chain,dYdX Chain,20250330_014029
dydx_perpetual,dYdX Perpetual (Ethereum),20250330_014029
dyorswap-berachain,DYORSwap (Berachain),20250330_014029
dyorswap-blast,DYORSwap (Blast),20250330_014029
dyorswap-degenchain,DYORSwap (Degen Chain),20250330_014029
dyorswap-ink,DYORSwap (Ink),20250330_014029
dyorswap-sonic,DYORSwap (Sonic),20250330_014029
dyorswap-world-chain,DYORSwap (World Chain),20250330_014029
dystopia,Dystopia,20250330_014029
earnbit,EarnBIT,20250330_014029
ebisus-bay,Ebisu's Bay,20250330_014029
ebisus-bay-cronos-zkevm,Ebisu's Bay (Cronos zkEVM),20250330_014029
ebi-xyz,EBI.XYZ,20250330_014029
echodex,EchoDEX,20250330_014029
econia,Econia,20250330_014029
ecxx,Ecxx,20250330_014029
eddyfinance,EddyFinance,20250330_014029
edgex,edgeX,20250330_014029
ekubo,Ekubo (Starknet),20250330_014029
electroswap%20v3,ElectroSwap V3,20250330_014029
electroswap-v2,ElectroSwap V2,20250330_014029
elexium-finance,Elexium Finance,20250330_014029
elk_finance_avax,Elk Finance (Avalanche),20250330_014029
elk_finance_bsc,Elk Finance (BSC),20250330_014029
elk_finance_ethereum,Elk Finance (Ethereum),20250330_014029
elk_finance_polygon,Elk Finance (Polygon),20250330_014029
elk-finance-q-mainnet,Elk Finance (Q Mainnet),20250330_014029
elk_finance_telos,Elk Finance (Telos),20250330_014029
ellipsis_finance,Ellipsis Finance,20250330_014029
emirex,Emirex,20250330_014029
energiswap,Energiswap,20250330_014029
enosys-flare,Enosys (Flare),20250330_014029
enosys-v3-flare,Enosys V3 (Flare),20250330_014029
equalizer,Equalizer,20250330_014029
equalizer-base,Equalizer (Base),20250330_014029
equalizer-sonic,Equalizer (Sonic),20250330_014029
equation,Equation,20250330_014029
equilibre,Ã‰quilibre,20250330_014029
etcmc,ETCMC,20250330_014029
etcswap-v2,ETCswap V2,20250330_014029
etcswap-v3,ETCswap V3,20250330_014029
ethervista,Ethervista,20250330_014029
everdex,Everdex,20250330_014029
evmoswap,EvmoSwap,20250330_014029
evo-exchange,Evo Exchange,20250330_014029
excalibur,Excalibur,20250330_014029
exmo,EXMO,20250330_014029
fairdesk,Fairdesk,20250330_014029
fairdesk_derivatives,Fairdesk Derivatives,20250330_014029
fairyswap,Fairyswap,20250330_014029
fameex,FameEX,20250330_014029
fastex,Fastex,20250330_014029
fatbtc,FatBTC,20250330_014029
fathom-dex,Fathom DEX,20250330_014029
fenix-finance,Fenix Finance,20250330_014029
ferro_protocol,Ferro Protocol,20250330_014029
firefly,Firefly,20250330_014029
first-ledger,First Ledger,20250330_014029
flatqube,FlatQube,20250330_014029
flow-x,FlowX Finance,20250330_014029
fluxbeam,FluxBeam,20250330_014029
fmcpay,FMCPAY,20250330_014029
forge,Forge,20250330_014029
forteswap,Forteswap,20250330_014029
foxbit,Foxbit,20250330_014029
fraxswap_ethereum,Fraxswap (Ethereum),20250330_014029
fraxswap-fraxtal,Fraxswap (Fraxtal),20250330_014029
freiexchange,Freiexchange,20250330_014029
friendly_market,Friendly Market,20250330_014029
funki,Funki DEX,20250330_014029
fusionx-v2,FusionX V2,20250330_014029
fusionx-v3,FusionX V3,20250330_014029
fwx,FWX,20250330_014029
fwx-base,FWX (Base),20250330_014029
fwx-futures,FWX (Futures) (Avalanche),20250330_014029
fwx-futures-base,FWX (Futures) (Base),20250330_014029
gaming-dex-defiverse,Gaming Dex (DeFiVerse),20250330_014029
gaming-dex-oasys,Gaming DEX (Oasys),20250330_014029
gasx,GasX,20250330_014029
gate,Gate.io,20250330_014029
gate_futures,Gate.io (Futures),20250330_014029
gdax,Coinbase Exchange,20250330_014029
gemini,Gemini,20250330_014029
gemini_derivatives,Gemini Derivatives,20250330_014029
giottus,Giottus,20250330_014029
glide_finance,Glide Finance,20250330_014029
globe_exchange,Globe,20250330_014029
globe_exchange_derivatives,Globe (Derivatives),20250330_014029
globiance,Globiance,20250330_014029
glyph-exchange-v2,Glyph Exchange V2,20250330_014029
glyph-exchange-v4,Glyph Exchange V4,20250330_014029
gmo_japan,GMO Japan,20250330_014029
gmo_japan_futures,GMO Japan (Futures),20250330_014029
gmx_arbitrum,GMX Derivatives (Arbitrum),20250330_014029
gmx_avalanche,GMX Derivatives (Avalanche),20250330_014029
goosefx,GooseFX,20250330_014029
gopax,GoPax,20250330_014029
graphlinq-hub,GraphLinq Hub,20250330_014029
gravity_finance,Gravity Finance,20250330_014029
greenhouse_dex,Greenhouse,20250330_014029
grovex,GroveX,20250330_014029
grvt_futures,GRVT,20250330_014029
gull-network,Gull Network,20250330_014029
h2-finance,H2 Finance,20250330_014029
halo_trade,Halo Trade,20250330_014029
hashkey_exchange,HashKey Exchange,20250330_014029
hashkey-global,HashKey Global,20250330_014029
hashkey-global-futures,HashKey Global (Futures),20250330_014029
hata,Hata,20250330_014029
hbarsuite-dex,HbarSuite DEX,20250330_014029
hebeswap,Hebeswap,20250330_014029
heliswap,HeliSwap,20250330_014029
henjin,Henjin (Base),20250330_014029
henjindex,HenjinDEX,20250330_014029
hercules-v2,Hercules V2,20250330_014029
hercules-v3,Hercules V3,20250330_014029
hermes_protocol,Hermes Protocol,20250330_014029
hibt,Hibt,20250330_014029
hitbtc,HitBTC,20250330_014029
hitbtc_derivatives,HitBTC (Derivatives),20250330_014029
hiveswap-v3,HiveSwap V3,20250330_014029
holdstation,Holdstation,20250330_014029
holdstation-berachain,Holdstation (Berachain),20250330_014029
holdstation-defutures,Holdstation DeFutures,20250330_014029
honeyswap,Honeyswap,20250330_014029
honeyswap_polygon,Honeyswap (Polygon),20250330_014029
honorswap,HonorSwap,20250330_014029
hopeswap,HopeSwap,20250330_014029
horizondex,HorizonDEX,20250330_014029
hotcoin_global,Hotcoin,20250330_014029
howswap,HowSwap,20250330_014029
huckleberry,Huckleberry,20250330_014029
huobi,HTX,20250330_014029
huobi_dm,HTX Futures,20250330_014029
huobi_japan,BitTrade,20250330_014029
hydra,Hydra DEX,20250330_014029
hydradx,Hydration,20250330_014029
hyperblast,HyperBlast,20250330_014029
hyperliquid,Hyperliquid (Futures),20250330_014029
hyperliquid-spot,Hyperliquid,20250330_014029
hyperswap-areon-network,HyperSwap,20250330_014029
hyperswap-v2,HyperSwap V2,20250330_014029
hyperswap-v3,HyperSwap V3,20250330_014029
icdex,ICDex,20250330_014029
icecreamswap-core,IcecreamSwap (Core),20250330_014029
icecreamswap-v3-core,IceCreamSwap V3 (CORE) ,20250330_014029
icpex,ICPEx,20250330_014029
icpswap,ICPSwap,20250330_014029
icrypex,Icrypex,20250330_014029
idex,Idex,20250330_014029
iguanadex,IguanaDEX,20250330_014029
illuminex,illumineX,20250330_014029
impossible_finance,Impossible Finance,20250330_014029
impossible-finance-humanode,Impossible Finance (Humanode),20250330_014029
impossible_finance_v3,Impossible Finance (v3),20250330_014029
increment_swap,Increment Swap,20250330_014029
independent_reserve,Independent Reserve,20250330_014029
indodax,Indodax,20250330_014029
inex,INEX,20250330_014029
infusion,Infusion,20250330_014029
injective,Helix,20250330_014029
injective_futures,Helix (Futures),20250330_014029
inkyswap,InkySwap,20250330_014029
invariant,Invariant,20250330_014029
invariant_eclipse,Invariant (Eclipse),20250330_014029
inx_one,INX One,20250330_014029
iotabee-shimmerevm,Iotabee (ShimmerEVM),20250330_014029
itbit,itBit,20250330_014029
iziswap,iZiSwap (BSC),20250330_014029
iziswap-kroma,iZiSwap (Kroma),20250330_014029
iziswap-linea,iZiSwap (Linea),20250330_014029
iziswap-manta-pacific,iZiSwap (Manta Pacific),20250330_014029
iziswap-mantle,iZiSwap (Mantle),20250330_014029
iziswap-mode,iZiSwap (Mode),20250330_014029
iziswap-scroll,iZiSwap (Scroll),20250330_014029
iziswap-taiko,iZiSwap (Taiko),20250330_014029
iziswap-x-layer,iZiSwap (X Layer),20250330_014029
iziswap-zetachain,iZiSwap (Zetachain),20250330_014029
iziswap-zkfair,iZiSwap (ZKFair),20250330_014029
iziswap-zklink-nova,iZiSwap (zkLink Nova) ,20250330_014029
iziswap_zksync,iZiSwap (zkSync),20250330_014029
jediswap-starknet-alpha,JediSwap,20250330_014029
jellyswap,Jellyverse,20250330_014029
jetswap,JetSwap,20250330_014029
jojo-exchange-futures,JOJO Exchange,20250330_014029
jswap,Jswap,20250330_014029
julswap,Julswap,20250330_014029
justmoney_bttc,Justmoney (Bittorent),20250330_014029
justmoney-tron,JustMoney (Tron),20250330_014029
kaiaswap-klaytn,KaiaSwap,20250330_014029
kaidex,Kaidex,20250330_014029
kaidex_v3,Kaidex V3,20250330_014029
kaleidoswap-arbitrum,KaleidoSwap (Arbitrum),20250330_014029
kanga,Kanga,20250330_014029
karura_swap,Karura Swap,20250330_014029
katana,Katana,20250330_014029
katana-v3,Katana V3,20250330_014029
kava,Kava Swap,20250330_014029
kayen,KAYEN,20250330_014029
kcex-futures,KCEX (Futures),20250330_014029
kewlswap-chiliz-chain,KEWLSwap (Chiliz Chain),20250330_014029
kickex,KickEX,20250330_014029
kiloex-bsc,KiloEx (BSC),20250330_014029
kiloex-manta-pacific,KiloEx (Manta Pacific),20250330_014029
kiloex-opbnb,KiloEx (opBnb),20250330_014029
kim,Kim,20250330_014029
kim-v4,Kim V4,20250330_014029
kine-protocol-derivatives,Kine Protocol (Derivatives),20250330_014029
kine-protocol-spot,Kine Protocol (Spot),20250330_014029
kinesis_money,Kinesis Money,20250330_014029
kinetix-v3,Kinetix V3,20250330_014029
kittenswap,Kittenswap,20250330_014029
klayswap,KLAYSwap,20250330_014029
klayswap-v3,Klayswap V3,20250330_014029
klever_exchange,Bitcoin.me,20250330_014029
knightswap,KnightSwap,20250330_014029
kodiak-v2,Kodiak V2,20250330_014029
kodiak-v3,Kodiak V3,20250330_014029
kodo-exchange,Kodo Exchange,20250330_014029
koi-finance-v3,Koi Finance V3,20250330_014029
koinbazar,KoinBX,20250330_014029
koinpark,Koinpark,20250330_014029
komodo_wallet,Komodo Wallet,20250330_014029
korbit,Korbit,20250330_014029
kraken,Kraken,20250330_014029
kraken_futures,Kraken (Futures),20250330_014029
kriya-dex,Kriya,20250330_014029
ktx_finance_arbitrum_derivatives,KTX.Finance (Arbitrum),20250330_014029
ktx_finance_bsc_derivatives,KTX.Finance (BSC),20250330_014029
ktx_finance_mantle_derivatives,KTX.Finance (Mantle),20250330_014029
kucoin,KuCoin,20250330_014029
kujira,Kujira Fin,20250330_014029
kumex,KuCoin Futures,20250330_014029
kuna,Kuna Exchange,20250330_014029
kuswap,Kuswap,20250330_014029
kwenta_derivatives,Kwenta Derivatives,20250330_014029
kyberswap_classic_arbitrum,Kyberswap Classic (Arbitrum),20250330_014029
kyberswap_classic_avalanche,KyberSwap Classic (Avalanche),20250330_014029
kyberswap_classic_bsc,KyberSwap Classic (BSC),20250330_014029
kyberswap_classic_bttc,Kyberswap Classic (Bittorent),20250330_014029
kyberswap_classic_ethereum,KyberSwap Classic (Ethereum),20250330_014029
kyberswap_classic_fantom,KyberSwap Classic (Fantom),20250330_014029
kyberswap_classic_optimism,Kyberswap Classic (Optimism),20250330_014029
kyberswap_classic_polygon,KyberSwap Classic (Polygon),20250330_014029
kyberswap_elastic,KyberSwap Elastic (Ethereum),20250330_014029
kyberswap_elastic_arbitrum,Kyberswap Elastic (Arbitrum),20250330_014029
kyberswap_elastic_avalanche,Kyberswap Elastic (Avalanche),20250330_014029
kyberswap_elastic_bsc,Kyberswap Elastic (BSC),20250330_014029
kyberswap_elastic_fantom,Kyberswap Elastic (Fantom),20250330_014029
kyberswap-elastic-linea,Kyberswap Elastic (Linea),20250330_014029
kyberswap_elastic_optimism,Kyberswap Elastic (Optimism),20250330_014029
kyberswap_elastic_polygon,Kyberswap Elastic (Polygon),20250330_014029
kyo-finance-v3,Kyo Finance V3,20250330_014029
larissa-swap,Larissa Swap,20250330_014029
laserswap,LaserSwap,20250330_014029
latoken,LATOKEN,20250330_014029
lbank,LBank,20250330_014029
lbank-futures,LBank (Futures),20250330_014029
lcx,LCX Exchange,20250330_014029
leetswap-base,LeetSwap (Base),20250330_014029
leetswap-linea,LeetSwap (Linea),20250330_014029
levana-perps-osmosis,Levana Perps (Osmosis),20250330_014029
levinswap_xdai,Levinswap (xDai),20250330_014029
lfgswap,LFGswap,20250330_014029
lfgswap-core,LFGSwap (Core),20250330_014029
libre_swap,Libre Swap,20250330_014029
lif3,LIF3 (Tombchain),20250330_014029
lif3-bsc,LIF3 (BSC),20250330_014029
lif3-ethereum,Lif3 (Ethereum),20250330_014029
lif3-polygon,LIF3 (Polygon),20250330_014029
lif3-v3-bsc,Lif3 V3 (BSC),20250330_014029
lif3-v3-fantom,Lif3 V3 (Fantom),20250330_014029
lif3-v3-polygon,Lif3 V3 (Polygon),20250330_014029
line-hub-v3,Line Hub V3,20250330_014029
liquidswap,Liquidswap,20250330_014029
liquidswap-v0-5,LiquidSwap V0.5,20250330_014029
localtrade,LocalTrade,20250330_014029
loopring,Loopring,20250330_014029
loopring_amm,Loopring AMM,20250330_014029
luno,Luno,20250330_014029
lydia_finance,Lydia Finance,20250330_014029
lynex-linea,Lynex,20250330_014029
lynex-v2-linea,Lynex V2 (Linea),20250330_014029
magic_eden_runes,Magic Eden (Runes),20250330_014029
magicsea-iota-evm,MagicSea (Iota EVM),20250330_014029
magicsea-v2-1-iota-evm,MagicSea V2.1 (Iota EVM),20250330_014029
magicswap,Magicswap,20250330_014029
maiar,xExchange,20250330_014029
makiswap,Makiswap,20250330_014029
mangata,Mangata,20250330_014029
manifest,Manifest,20250330_014029
marginx-pundi,MarginX (Pundi),20250330_014029
mars_ecosystem,Mars Ecosystem,20250330_014029
marswap,MARSWAP,20250330_014029
marswap-cronos-zkevm,MarSwap (Cronos zkEVM),20250330_014029
matcha_arbitrum_one,Matcha (Arbitrum One),20250330_014029
matcha_avalanche,Matcha (Avalanche),20250330_014029
matcha_base,Matcha (Base),20250330_014029
matcha_bsc,Matcha (BSC),20250330_014029
matcha_ethereum,Matcha (Ethereum),20250330_014029
matcha_optimism,Matcha (Optimism),20250330_014029
matcha_polygon,Matcha (Polygon),20250330_014029
maverick_protocol,Maverick Protocol V1 (Ethereum),20250330_014029
maverick_protocol_base,Maverick Protocol V1 (Base),20250330_014029
maverick_protocol_bsc,Maverick Protocol V1 (BSC),20250330_014029
maverick-protocol-scroll,Maverick Protocol V2 (Scroll),20250330_014029
maverick-protocol-v2-arbitrum,Maverick Protocol V2 (Arbitrum),20250330_014029
maverick-protocol-v2-base,Maverick Protocol V2 (Base),20250330_014029
maverick-protocol-v2-bsc,Maverick Protocol V2 (BSC),20250330_014029
maverick-protocol-v2-ethereum,Maverick Protocol V2 (Ethereum),20250330_014029
maverick-protocol-v2-zksync-era,Maverick Protocol V2 (zkSync Era),20250330_014029
maverick_protocol_zksync,Maverick Protocol V1 (zkSync),20250330_014029
max_maicoin,Max Maicoin,20250330_014029
maya-protocol,Maya Protocol,20250330_014029
mdex,Mdex,20250330_014029
mdex_bsc,Mdex BSC,20250330_014029
megaton-finance,Megaton Finance,20250330_014029
melegaswap,MelegaSwap,20250330_014029
mercado_bitcoin,Mercado Bitcoin,20250330_014029
merchant-moe-liquidity-book-mantle,Merchant Moe Liquidity Book (Mantle),20250330_014029
merchant-moe-mantle,Merchant Moe,20250330_014029
merlinswap,MerlinSwap,20250330_014029
meshswap,Meshswap,20250330_014029
metalx,Metal X,20250330_014029
meteora,Meteora,20250330_014029
methlab,Methlab (Mantle),20250330_014029
metropolis-dlmm-sonic,Metropolis DLMM (Sonic),20250330_014029
metropolis-sonic,Metropolis Simple (Sonic),20250330_014029
miaswap,MiaSwap,20250330_014029
milkyswap-milkada,MilkySwap,20250330_014029
mimo,Mimo,20250330_014029
minswap,Minswap,20250330_014029
mintswap,MintSwap,20250330_014029
mistswap_smart_bitcoin_cash,Mistswap,20250330_014029
mm_finance,MMFinance (Cronos),20250330_014029
mm-finance-arbitrum,MM Finance (Arbitrum),20250330_014029
mmfinance_polygon,MMFinance (Polygon),20250330_014029
mmfinance-v3-arbitrum,MMFinance V3 (Arbitrum),20250330_014029
mojitoswap,MojitoSwap,20250330_014029
monoswap-V2-blast,MonoSwap V2 (Blast),20250330_014029
monoswap-v3-blast,MonoSwap V3 (Blast),20250330_014029
moraswap-v2,Moraswap V2,20250330_014029
mudrex,Mudrex,20250330_014029
muesliswap,Muesliswap,20250330_014029
muesliswap-milkada,Muesliswap (Milkada),20250330_014029
mufex,MUFEX,20250330_014029
mute,Koi Finance,20250330_014029
mxc,MEXC,20250330_014029
mxc_futures,MEXC (Futures),20250330_014029
myswap-cl,mySwap-CL,20250330_014029
myx,MYX,20250330_014029
nachoswap,NachoSwap,20250330_014029
namebase,Namebase,20250330_014029
nami_exchange,Nami.Exchange,20250330_014029
nanu_exchange,Nanu Exchange,20250330_014029
narkasa,Narkasa,20250330_014029
nash,Nash,20250330_014029
nbx,NBX,20250330_014029
nearpad,NearPAD,20250330_014029
neptune,Neptune,20250330_014029
netswap,Netswap,20250330_014029
neutroswap,Neutroswap,20250330_014029
newdex,Newdex,20250330_014029
nice_hash,NiceHash,20250330_014029
nile,NILE,20250330_014029
nile-v1,NILE V1,20250330_014029
niza-global,Niza.io,20250330_014029
nominex,Nominex,20250330_014029
nomiswap,Nomiswap,20250330_014029
nomiswap_stable,Nomiswap (Stable),20250330_014029
nonkyc_io,Nonkyc.io,20250330_014029
nostra,Nostra ,20250330_014029
novadax,NovaDAX,20250330_014029
nuri-legacy,Nuri (Legacy),20250330_014029
nuri-v2,Nuri V2,20250330_014029
occamx,OccamX,20250330_014029
oceanex,Oceanex,20250330_014029
ocelex-v3,Ocelex V3,20250330_014029
ociswap,Ociswap,20250330_014029
okcoin,Okcoin,20250330_014029
okcoin-japan,OKJ,20250330_014029
okex,OKX,20250330_014029
okex_ordinals,OKX Ordinals,20250330_014029
okex_swap,OKX (Futures),20250330_014029
oku-trade-bob-network,Oku Trade (BOB Network),20250330_014029
oku-trade-corn,Oku Trade (Corn),20250330_014029
oku-trade-filecoin,Oku Trade (Filecoin),20250330_014029
oku-trade-linea,Oku Trade (Linea),20250330_014029
oku-trade-manta-pacific,Oku Trade (Manta Pacific),20250330_014029
oku-trade-moonbeam,Oku Trade (Moonbeam),20250330_014029
oku-trade-rootstock,Oku Trade (Rootstock),20250330_014029
oku-trade-saga,Oku Trade (Saga),20250330_014029
oku-trade-scroll,Oku Trade (Scroll),20250330_014029
oku-trade-sei-v2,Oku Trade (Sei V2),20250330_014029
oku-trade-taiko,Oku Trade (Taiko),20250330_014029
omax-swap,Omax Swap,20250330_014029
omgfin,Omgfin,20250330_014029
omnidex,OmniDex,20250330_014029
onedex,OneDex,20250330_014029
one_intro,1INTRO,20250330_014029
oolongswap,Oolongswap,20250330_014029
openbook,OpenBook,20250330_014029
openleverage,OpenLeverage,20250330_014029
openocean_finance,OpenOcean,20250330_014029
openswap,OpenSwap,20250330_014029
openswap-fi,Openswap.fi,20250330_014029
oracleswap,Oracleswap,20250330_014029
oraidex,OraiDEX,20250330_014029
orangedx,OrangeDX,20250330_014029
orangex,OrangeX,20250330_014029
orangex_futures,OrangeX Futures,20250330_014029
orca,Orca,20250330_014029
orca-eclipse,Orca (Eclipse),20250330_014029
orderbook,Orderbook.io,20250330_014029
orderly_network,Orderly,20250330_014029
orderly_network_derivatives,Orderly (Derivatives) (Near),20250330_014029
orderly_network_derivatives_evm,Orderly (Derivatives),20250330_014029
oreoswap,OreoSwap,20250330_014029
orion-bsc,Orion (BSC),20250330_014029
orion-ethereum,Orion (Ethereum) ,20250330_014029
osmosis,Osmosis,20250330_014029
ourbit,Ourbit,20250330_014029
ourbit-futures,Ourbit (Futures),20250330_014029
ox-fun,OX.FUN,20250330_014029
p2pb2b,P2B,20250330_014029
pacificswap,PacificSwap,20250330_014029
paintswap,Paintswap,20250330_014029
pancakeswap_aptos,PancakeSwap (Aptos),20250330_014029
pancakeswap_ethereum,PancakeSwap (Ethereum),20250330_014029
pancakeswap_new,PancakeSwap (v2),20250330_014029
pancakeswap_stableswap,PancakeSwap (Stableswap),20250330_014029
pancakeswap-stableswap-arbitrum,PancakeSwap Stableswap (Arbitrum),20250330_014029
pancakeswap-stableswap-ethereum,PancakeSwap Stableswap (Ethereum),20250330_014029
pancakeswap-v1-bsc,PancakeSwap V1 (BSC),20250330_014029
pancakeswap-v2-arbitrum,PancakeSwap V2 (Arbitrum),20250330_014029
pancakeswap-v2-base,PancakeSwap V2 (Base),20250330_014029
pancakeswap-v2-opbnb,PancakeSwap V2 (opBnb),20250330_014029
pancakeswap-v2-polygon-zkevm,PancakeSwap V2 (Polygon zkEVM),20250330_014029
pancakeswap-v2-zksync,PancakeSwap (zkSync),20250330_014029
pancakeswap-v3-arbitrum,PancakeSwap V3 (Arbitrum),20250330_014029
pancakeswap-v3-base,PancakeSwap V3 (Base),20250330_014029
pancakeswap-v3-bsc,PancakeSwap V3 (BSC),20250330_014029
pancakeswap-v3-ethereum,PancakeSwap V3 (Ethereum),20250330_014029
pancakeswap-v3-linea,PancakeSwap V3 (Linea),20250330_014029
pancakeswap-v3-opbnb,PancakeSwap V3 (opBnb),20250330_014029
pancakeswap-v3-polygon-zkevm,PancakeSwap V3 (Polygon zkEVM),20250330_014029
pancakeswap-v3-zksync,PancakeSwap V3 (zkSync),20250330_014029
pangolin,Pangolin,20250330_014029
pangolin-flare,Pangolin (Flare),20250330_014029
pangolin-songbird,Pangolin (Songbird),20250330_014029
paradex,Paradex,20250330_014029
paribu,Paribu,20250330_014029
paymium,Paymium,20250330_014029
pearl-exchange,PearlFi,20250330_014029
pearlfi-v1-5,PearlFi V1.5,20250330_014029
pearlfi-v2-re-al,PearlFi V2 (Re.al) ,20250330_014029
pegasys,Pegasys,20250330_014029
pegasys-v3-rollux,Pegasys V3 (Rollux),20250330_014029
perpetual_protocol,Perpetual Protocol,20250330_014029
pharaoh-exchange,Pharaoh Exchange,20250330_014029
pharaoh-exchange-v1,Pharaoh Exchange V1,20250330_014029
phemex,Phemex,20250330_014029
phemex_futures,Phemex (Futures),20250330_014029
photonswap,PhotonSwap (Cronos),20250330_014029
photonswap_kava,PhotonSwap (Kava),20250330_014029
phux,Phux,20250330_014029
pinkswap,PinkSwap,20250330_014029
pinto-exchange,Pinto Exchange,20250330_014029
pionex,Pionex,20250330_014029
piperx-v3,PiperX V3,20250330_014029
planet_finance,Planet Finance,20250330_014029
plenty_network,Plenty Network,20250330_014029
pnix-dex,PNIX DEX,20250330_014029
pointpay,PointPay,20250330_014029
polaris,Polaris,20250330_014029
polkadex,Polkadex,20250330_014029
poloniex,Poloniex,20250330_014029
poloniex_futures,Poloniex Futures,20250330_014029
polycat_finance,Polycat Finance,20250330_014029
polynomial-trade,Polynomial Trade ,20250330_014029
pomswap,POMSwap,20250330_014029
poolshark,Poolshark,20250330_014029
potatoswap-x-layer,PotatoSwap (X Layer) ,20250330_014029
powertrade,Powertrade,20250330_014029
powertrade_derivatives,Powertrade (Derivatives),20250330_014029
prime_xbt,PrimeXBT,20250330_014029
probit,ProBit Global,20250330_014029
pulsex,PulseX,20250330_014029
pulsex-v2,PulseX V2,20250330_014029
pumpswap,PumpSwap,20250330_014029
punchswap,PunchSwap,20250330_014029
punkswap,Punkswap,20250330_014029
purcow,Purcow,20250330_014029
qmall,QMall,20250330_014029
qomswap,QomSwap,20250330_014029
quickswap,Quickswap,20250330_014029
quickswap_dogechain,Quickswap (Dogechain),20250330_014029
quickswap-polygon-zkevm,Quickswap (Polygon zkEVM),20250330_014029
quickswap_v3,Quickswap (v3),20250330_014029
quickswap-v3-astar-zkevm,QuickSwap V3 (Astar zkEVM),20250330_014029
quickswap-v3-immutable-zkevm,QuickSwap V3 (Immutable zkEVM),20250330_014029
quickswap-v3-manta-pacific,Quickswap V3 (Manta Pacific),20250330_014029
quickswap-v3-soneium,Quickswap V4 (Soneium),20250330_014029
quickswap_v3_x_layer,Quickswap V3 (X Layer),20250330_014029
quipuswap,Quipuswap,20250330_014029
rabbitswap,RabbitSwap,20250330_014029
rabbitx,RabbitX,20250330_014029
raccoonswap,RaccoonSwap,20250330_014029
radioshack_ethereum,RadioShack (Ethereum),20250330_014029
ra-exchange,Ra Exchange,20250330_014029
ra-exchange-v1,Ra Exchange V1,20250330_014029
ramses,Ramses,20250330_014029
ramses-v2,Ramses V2,20250330_014029
rawr-trade,Rawr Trade,20250330_014029
raydium2,Raydium,20250330_014029
raydium-clmm,Raydium (CLMM),20250330_014029
rcpswap,RCP Swap,20250330_014029
reddex-bsc,Reddex (BSC),20250330_014029
ref_finance,Rhea Finance,20250330_014029
retherswap,Retherswap,20250330_014029
retro,Retro,20250330_014029
revoswap,Revoswap,20250330_014029
revoswap-v2,Revoswap V2,20250330_014029
ring-exchange-blast,Ring Exchange,20250330_014029
ritsu,Ritsu,20250330_014029
robots-farm-base,Robots.Farm,20250330_014029
rockswap,Rockswap,20250330_014029
roguex-protocol,RogueX Protocol ,20250330_014029
rubicon-arbitrum-one,Rubicon (Arbitrum One),20250330_014029
rubicon-base,Rubicon (Base),20250330_014029
rubicon-optimism,Rubicon (Optimism),20250330_014029
ruby_exchange,Ruby Exchange,20250330_014029
saber,Saber,20250330_014029
safe_trade,SafeTrade,20250330_014029
sailfish,SailFish,20250330_014029
sailor,Sailor,20250330_014029
saitaswap-bsc,SaitaSwap (BSC),20250330_014029
saitaswap-ethereum,SaitaSwap (Ethereum),20250330_014029
sakeswap,SakeSwap,20250330_014029
saros,Saros Finance,20250330_014029
satori-base,Satori (Base),20250330_014029
satori-linea,Satori (Linea),20250330_014029
saturn-swap,Saturn Swap,20250330_014029
saucerswap,Saucerswap V1,20250330_014029
saucerswap-v2,Saucerswap V2,20250330_014029
scribe,Scribe,20250330_014029
secondbtc,SecondBTC,20250330_014029
secretswap,SecretSwap,20250330_014029
secta-finance-v2,Secta Finance V2 (Linea),20250330_014029
secta-finance-v3,Secta Finance V3 (Linea),20250330_014029
serum_dex,Serum DEX,20250330_014029
shade_protocol,Shade Protocol,20250330_014029
shadow-exchange,Shadow Exchange,20250330_014029
shadowswap,ShadowSwap,20250330_014029
sharkswap,SharkSwap,20250330_014029
shibaswap,Shibaswap (Ethereum),20250330_014029
shibaswap-shibarium,Shibaswap (Shibarium),20250330_014029
shibswap,ShibSwap,20250330_014029
shido-dex,Shido Dex,20250330_014029
shimmersea,MagicSea (ShimmerEVM),20250330_014029
sideswap,Sideswap,20250330_014029
silkswap,SilkSwap,20250330_014029
silverswap,Silverswap,20250330_014029
skydrome,Skydrome,20250330_014029
skydrome-v2,Skydrome V2,20250330_014029
slex,Slex,20250330_014029
smardex-arbitrum,SmarDex (Arbitrum),20250330_014029
smardex-base,SmarDex (Base),20250330_014029
smardex-bsc,SmarDex (BSC),20250330_014029
smardex-ethereum,SmarDex,20250330_014029
smardex-polygon,SmarDex (Polygon),20250330_014029
sobal,Sobal (Neon EVM),20250330_014029
solarbeam,Solarbeam,20250330_014029
solarflare,Solarflare,20250330_014029
solidlizard,SolidLizard,20250330_014029
solidly,Solidly V1 (Fantom),20250330_014029
solidlydex,Solidly V2 (Ethereum),20250330_014029
solidly-v3,Solidly V3 (Ethereum),20250330_014029
solidly-v3-arbitrum,Solidly V3 (Arbitrum),20250330_014029
solidly-v3-base,Solidly V3 (Base),20250330_014029
solidly-v3-fantom,Solidly V3 (Fantom),20250330_014029
solidly-v3-optimism,Solidly V3 (Optimism),20250330_014029
solidly-v3-sonic,Solidly V3 (Sonic),20250330_014029
solisnek,SoliSnek,20250330_014029
sologenic,Sologenic,20250330_014029
sonefi,SoneFi,20250330_014029
sonex,Sonex,20250330_014029
sonic,Sonic,20250330_014029
sonus-v3,Sonus V3,20250330_014029
soswap,Soswap,20250330_014029
soulswap,Soulswap,20250330_014029
sovryn,Sovryn DEX (Rootstock),20250330_014029
sovryn-dex-bob-network,Sovryn DEX (Bob Network),20250330_014029
spacefi,SpaceFi,20250330_014029
spacefi_zksync,SpaceFi (ZkSync),20250330_014029
sparkdex-v3,SparkDEX V3,20250330_014029
sparkdex-v3-1,SparkDEX V3.1,20250330_014029
spartadex,SpartaDEX,20250330_014029
spartan_protocol,Spartan Protocol,20250330_014029
spectrum_finance,Spectrum Finance,20250330_014029
spherex,SphereX,20250330_014029
sphynx_brise,Sphynx (Brise),20250330_014029
sphynx_swap,Sphynx Swap (BSC),20250330_014029
spice_trade_avalanche,Spice Trade (Avalanche),20250330_014029
spicyswap,Spicyswap,20250330_014029
spin,Spin,20250330_014029
spinaqdex,SpinaqDex,20250330_014029
spiritswap,SpiritSwap,20250330_014029
spiritswap_v2,SpiritSwap (V2),20250330_014029
splash,Splash,20250330_014029
spookyswap,SpookySwap,20250330_014029
spookyswap-v2-sonic,Spookyswap V2 (Sonic),20250330_014029
spookyswap-v3,SpookySwap V3 ,20250330_014029
spookyswap-v3-sonic,SpookySwap V3 (Sonic),20250330_014029
squadswap,SquadSwap V2,20250330_014029
squadswap-v3,SquadSwap V3,20250330_014029
squidswap,Squidswap,20250330_014029
stabble,stabble,20250330_014029
stake_cube,StakeCube Exchange,20250330_014029
starkdefi,StarkDefi,20250330_014029
stationdex-v3-x-layer,StationDEX V3 (x Layer),20250330_014029
steam-exchange-rails-network,Rails Network Swap,20250330_014029
stellar_term,StellarTerm,20250330_014029
stellaswap,StellaSwap,20250330_014029
stellaswap-v3,Stellaswap (V3),20250330_014029
stellaswap-v4,StellaSwap V4,20250330_014029
step-exchange,Step Exchange,20250330_014029
step_finance,Step Finance,20250330_014029
ston_fi,STON.fi,20250330_014029
stonfi-v2,STON.fi (V2),20250330_014029
stormgain,Stormgain,20250330_014029
stormgain_futures,Stormgain Futures,20250330_014029
story-hunt,Story Hunt,20250330_014029
stratum-exchange,Stratum Exchange,20250330_014029
suiswap,Suiswap,20250330_014029
sundaeswap,Sundaeswap,20250330_014029
sunswap_v1,SUN.io,20250330_014029
sunswap-v2,SunSwap V2,20250330_014029
sunswap-v3,SunSwap V3,20250330_014029
supswap,SupSwap,20250330_014029
surf-protocol,Surf Protocol,20250330_014029
surfswap,Surfswap,20250330_014029
sushiswap,Sushiswap,20250330_014029
sushiswap-aptos,SushiSwap (Aptos),20250330_014029
sushiswap_arbitrum,Sushiswap (Arbitrum One),20250330_014029
sushiswap_arbitrum_nova,Sushiswap (Arbitrum Nova),20250330_014029
sushiswap_avalanche,Sushiswap (Avalanche),20250330_014029
sushiswap_bsc,Sushiswap (BSC),20250330_014029
sushiswap_celo,Sushiswap Celo,20250330_014029
sushiswap_fantom,Sushiswap (Fantom),20250330_014029
sushiswap_harmony,Sushiswap (Harmony),20250330_014029
sushiswap_polygon_pos,Sushiswap (Polygon POS),20250330_014029
sushiswap-v2-base,Sushiswap V2 (Base),20250330_014029
sushiswap-v3-arbitrum,Sushiswap V3 (Arbitrum),20250330_014029
sushiswap-v3-arbitrum-nova,Sushiswap V3 (Arbitrum Nova),20250330_014029
sushiswap-v3-base,SushiSwap V3 (Base),20250330_014029
sushiswap-v3-bsc,Sushiswap V3 (BSC),20250330_014029
sushiswap-v3-core,Sushiswap V3 (Core),20250330_014029
sushiswap-v3-ethereum,Sushiswap V3 (Ethereum),20250330_014029
sushiswap-v3-fantom,Sushiswap V3 (Fantom),20250330_014029
sushiswap-v3-filecoin,SushiSwap V3 (Filecoin),20250330_014029
sushiswap-v3-linea,Sushiswap V3 (Linea),20250330_014029
sushiswap-v3-optimism,Sushiswap V3 (Optimism),20250330_014029
sushiswap-v3-polygon,Sushiswap V3 (Polygon),20250330_014029
sushiswap-v3-polygon-zkevm,Sushiswap V3 (Polygon zkEVM),20250330_014029
sushiswap-v3-scroll,SushiSwap V3 (Scroll),20250330_014029
sushiswap-v3-skale,SushiSwap V3 (SKALE),20250330_014029
sushiswap-v3-sonic,Sushiswap V3 (Sonic),20250330_014029
sushiswap-v3-thundercore,Sushiswap V3 (ThunderCore),20250330_014029
sushiswap-v3-zetachain,Sushiswap V3 (ZetaChain),20250330_014029
sushiswap_xdai,Sushiswap (xDai),20250330_014029
swapbased,SwapBased,20250330_014029
swapbased-v3,SwapBased V3,20250330_014029
swapblast,SwapBlast,20250330_014029
swap-country,Swap,20250330_014029
swapline-shimmerevm,Swapline (ShimmerEVM) ,20250330_014029
swapmode,SwapMode,20250330_014029
swappi,Swappi,20250330_014029
swapr_arbitrum,Swapr (Arbitrum),20250330_014029
swapr_ethereum,Swapr (Ethereum),20250330_014029
swapr_xdai,Swapr (Xdai),20250330_014029
swapsicle,Swapsicle,20250330_014029
swapsicle-telos,Swapsicle (Telos),20250330_014029
swapsicle-v2-mantle,Swapsicle V2 (Mantle),20250330_014029
swapsicle-v2-telos,Swapsicle V2 (Telos),20250330_014029
swapx-algebra,SwapX Algebra,20250330_014029
swapx-v2,SwapX V2,20250330_014029
swopfi,Swopfi,20250330_014029
swop_fi,Swop.Fi,20250330_014029
swych,SWYCH,20250330_014029
syncswap,SyncSwap,20250330_014029
syncswap-linea,SyncSwap (Linea),20250330_014029
syncswap-scroll,SyncSwap (Scroll),20250330_014029
syncswap-v2-1-linea,SyncSwap V2.1 (Linea),20250330_014029
syncswap-v2-1-scroll,SyncSwap V2.1 (Scroll),20250330_014029
syncswap-v2-1-zksync,SyncSwap V2.1 (zkSync),20250330_014029
syncswap-v2-zksync,SyncSwap (zkSync),20250330_014029
syncswap-v3-zksync,SyncSwap V3 (zkSync),20250330_014029
synfutures,SynFutures,20250330_014029
synthswap,Synthswap,20250330_014029
synthswap-v3,Synthswap V3,20250330_014029
taffy-finance,Taffy Finance,20250330_014029
taikoswap,TaikoSwap,20250330_014029
tangleswap,TangleSwap,20250330_014029
tangleswap-milkomeda-cardano,TangleSwap (Milkomeda Cardano),20250330_014029
tangoswap,TangoSwap,20250330_014029
tanx,tanX,20250330_014029
tapbit,Tapbit,20250330_014029
taraswap,Taraswap,20250330_014029
tdax,Orbix,20250330_014029
tealswap,Tealswap,20250330_014029
templedao,TempleDAO,20250330_014029
tenderswap,Tenderswap,20250330_014029
terraport,Terraport,20250330_014029
terraswap,Terraswap Classic,20250330_014029
tesseract-world,Tesseract World,20250330_014029
tethys,Tethys Finance,20250330_014029
tetuswap,Tetuswap,20250330_014029
tfm,Terraformer,20250330_014029
thala,ThalaSwap V1,20250330_014029
thalaswap-v2,ThalaSwap V2,20250330_014029
thena,THENA,20250330_014029
thena-fusion,THENA FUSION,20250330_014029
thena-opbnb,THENA (opBnb),20250330_014029
thorswap,THORChain,20250330_014029
thorwallet,THORWallet DEX,20250330_014029
thruster-v2-0-3-fee-tier,Thruster V2 (0.3% Fee Tier),20250330_014029
thruster-v2-1-0-fee-tier,Thruster V2 (1.0% Fee Tier),20250330_014029
thruster-v3,Thruster V3,20250330_014029
tidex,Tidex,20250330_014029
tinyman,Tinyman,20250330_014029
tokan-exchange,Tokan Exchange,20250330_014029
tokenize,Tokenize,20250330_014029
tokenlon,Tokenlon,20250330_014029
toko_crypto,TokoCrypto,20250330_014029
tokpie,Tokpie,20250330_014029
tomb_swap_fantom,Tomb Swap (Fantom),20250330_014029
toobit,Toobit,20250330_014029
toobit_derivatives,Toobit Futures,20250330_014029
trade_ogre,TradeOgre,20250330_014029
traderjoe,LFJ,20250330_014029
traderjoe-v2-1-arbitrum,LFJ V2.1 (Arbitrum),20250330_014029
traderjoe-v2-1-avalanche,LFJ V2.1 (Avalanche),20250330_014029
traderjoe-v2-1-bsc,LFJ V2.1 (BSC),20250330_014029
traderjoe-v2-2-arbitrum,LFJ V2.2 (Arbitrum),20250330_014029
traderjoe-v2-2-avalanche,LFJ V2.2 (Avalanche),20250330_014029
traderjoe-v2-arbitrum,LFJ V2 (Arbitrum),20250330_014029
traderjoe-v2-avalanche,LFJ V2,20250330_014029
trado,Trado,20250330_014029
tranquil_finance,Tranquil Finance,20250330_014029
treble-v4,Treble V4,20250330_014029
trisolaris,Trisolaris,20250330_014029
tropical_finance,Tropical Finance,20250330_014029
trubit,Trubit,20250330_014029
turbos-finance,Turbos Finance,20250330_014029
ubeswap,Ubeswap V2,20250330_014029
ubeswap-v3,Ubeswap V3,20250330_014029
unchain-x,Unchain X,20250330_014029
unicly,Unicly,20250330_014029
unisat,UniSat,20250330_014029
unisat_runes,UniSat (Runes),20250330_014029
uniswap-bsc,Uniswap V3 (BSC),20250330_014029
uniswap_v2,Uniswap V2 (Ethereum),20250330_014029
uniswap-v2-abstract,Uniswap V2 (Abstract),20250330_014029
uniswap-v2-arbitrum,Uniswap V2 (Arbitrum),20250330_014029
uniswap-v2-avalanche,Uniswap V2 (Avalanche),20250330_014029
uniswap-v2-base,Uniswap V2 (Base),20250330_014029
uniswap-v2-blast,Uniswap V2 (Blast),20250330_014029
uniswap-v2-bsc,Uniswap V2 (BSC) ,20250330_014029
uniswap-v2-optimism,Uniswap V2 (Optimism),20250330_014029
uniswap-v2-polygon,Uniswap V2 (Polygon),20250330_014029
uniswap-v2-unichain,Uniswap V2 (Unichain),20250330_014029
uniswap-v2-world-chain,Uniswap V2 (World Chain),20250330_014029
uniswap_v3,Uniswap V3 (Ethereum),20250330_014029
uniswap-v3-abstract,Uniswap V3 (Abstract),20250330_014029
uniswap_v3_arbitrum,Uniswap V3 (Arbitrum One),20250330_014029
uniswap-v3-avalanche,Uniswap V3 (Avalanche),20250330_014029
uniswap-v3-base,Uniswap V3 (Base),20250330_014029
uniswap-v3-blast,Uniswap V3 (Blast),20250330_014029
uniswap_v3_celo,Uniswap V3 (Celo),20250330_014029
uniswap_v3_optimism,Uniswap V3 (Optimism),20250330_014029
uniswap_v3_polygon_pos,Uniswap V3 (Polygon),20250330_014029
uniswap-v3-unichain,Uniswap V3 (Unichain),20250330_014029
uniswap-v3-world-chain,Uniswap V3 (World Chain),20250330_014029
uniswap-v3-zksync,Uniswap V3 (zkSync),20250330_014029
uniswap-v3-zora,Uniswap V3 (Zora),20250330_014029
uniswap-v4-arbitrum,Uniswap V4 (Arbitrum),20250330_014029
uniswap-v4-avalanche,Uniswap V4 (Avalanche),20250330_014029
uniswap-v4-base,Uniswap V4 (Base),20250330_014029
uniswap-v4-bsc,Uniswap V4 (BSC),20250330_014029
uniswap-v4-ethereum,Uniswap V4 (Ethereum),20250330_014029
uniswap-v4-optimism,Uniswap V4 (Optimism),20250330_014029
uniswap-v4-polygon,Uniswap V4 (Polygon),20250330_014029
uniswap-v4-unichain,Uniswap V4 (Unichain),20250330_014029
universal-swaps,UniversalSwaps,20250330_014029
upbit,Upbit,20250330_014029
upbit_indonesia,Upbit Indonesia ,20250330_014029
usdfi,USDFI,20250330_014029
valr,VALR,20250330_014029
valr-futures,VALR Futures,20250330_014029
vanillaswap-v2-defimetachain,VanillaSwap V2 (DefiMetaChain),20250330_014029
vanillaswap-v3-defimetachain,VanillaSwap V3 (DefiMetaChain),20250330_014029
vapordex,VaporDex,20250330_014029
vapordex-v2,VaporDEX V2,20250330_014029
velar-stacks,Velar (Stacks),20250330_014029
velocimeter-base,Velocimeter (Base),20250330_014029
velocimeter-fantom,Velocimeter (Fantom),20250330_014029
velocimeter-iota-evm,Velocimeter (Iota EVM),20250330_014029
velocimeter_v2,Velocimeter V2,20250330_014029
velocimeter-v3,Velocimeter V3,20250330_014029
velocore,Velocore,20250330_014029
velocore-v2-telos,Velocore V2 (Telos),20250330_014029
velocore-v2-zksync,Velocore V2 (ZkSync),20250330_014029
velodrome,Velodrome Finance,20250330_014029
velodrome-finance-slipstream,Velodrome SlipStream (Optimism),20250330_014029
velodrome-finance-slipstream-fraxtal,Velodrome Finance Slipstream (Fraxtal),20250330_014029
velodrome-finance-slipstream-ink,Velodrome Finance Slipstream (Ink),20250330_014029
velodrome-finance-slipstream-lisk,Velodrome Finance Slipstream (Lisk),20250330_014029
velodrome-finance-slipstream-mode,Velodrome Finance Slipstream (Mode),20250330_014029
velodrome-finance-slipstream-soneium,Velodrome Finance Slipstream (Soneium),20250330_014029
velodrome-finance-slipstream-swellchain,Velodrome Finance Slipstream (Swellchain),20250330_014029
velodrome-finance-slipstream-unichain,Velodrome Finance Slipstream (Unichain),20250330_014029
velodrome-finance-v2,Velodrome Finance V2 (Optimism),20250330_014029
velodrome-finance-v2-fraxtal,Velodrome Finance V2 (Fraxtal),20250330_014029
velodrome-finance-v2-ink,Velodrome Finance V2 (Ink),20250330_014029
velodrome-finance-v2-mode,Velodrome Finance V2 (Mode),20250330_014029
velodrome-finance-v2-swellchain,Velodrome Finance V2 (Swellchain),20250330_014029
verse,Verse,20250330_014029
vertex-edge-abstract,Vertex Edge (Abstract),20250330_014029
vertex-edge-base,Vertex Edge (Base),20250330_014029
vertex-edge-mantle,Vertex Edge (Mantle),20250330_014029
vertex-edge-sei,Vertex Edge (Sei),20250330_014029
vertex-edge-sonic,Vertex Edge,20250330_014029
vertex_protocol_derivatives,Vertex Edge (Arbitrum),20250330_014029
vertex-protocol-spot,Vertex (Spot),20250330_014029
verylongswap,VeryLongSwap,20250330_014029
vessel-finance,Vessel Finance,20250330_014029
vest-exchange-futures,Vest Exchange,20250330_014029
vindax,Vindax,20250330_014029
viridian,Viridian,20250330_014029
virtuswap,VirtuSwap,20250330_014029
virtuswap-arbitrum-one,VirtuSwap (Arbitrum One),20250330_014029
vitex,ViteX,20250330_014029
voltage_finance,Voltage Finance,20250330_014029
voltage-finance-v3,Voltage Finance V3,20250330_014029
voltage-finance-v4,Voltage Finance V4,20250330_014029
voltswap_meter,Voltswap (Meter),20250330_014029
vvs,VVS Finance,20250330_014029
vvs-v3-ethereum,VVS V3 (Ethereum),20250330_014029
wagmi-ethereum,WAGMI (Ethereum),20250330_014029
wagmi-iota-evm,WAGMI (Iota EVM),20250330_014029
wagmi-kava,WAGMI (Kava),20250330_014029
wagmi-metis,WAGMI (Metis),20250330_014029
wagmi-sonic,Wagmi (Sonic),20250330_014029
wagmi-zklink-nova,WAGMI (zkLink Nova),20250330_014029
wagmi-zksync,WAGMI (zkSync),20250330_014029
wagyuswap,WagyuSwap,20250330_014029
wannaswap,Wannaswap,20250330_014029
wanswap,WanSwap,20250330_014029
warpgate,WarpGate,20250330_014029
wavelength,Wavelength,20250330_014029
waves,WX Network,20250330_014029
wazirx,WazirX,20250330_014029
web3_world,Web3.World,20250330_014029
websea,Websea,20250330_014029
weex,WEEX,20250330_014029
weex-futures,WEEX (Futures),20250330_014029
wemix_fi,WEMIX.Fi,20250330_014029
whitebit,WhiteBIT,20250330_014029
whitebit_futures,WhiteBIT Futures,20250330_014029
white-whale-chihuahua,White Whale (Chihuahua),20250330_014029
white-whale-juno,White Whale (Juno),20250330_014029
white-whale-migaloo,White Whale (Migaloo),20250330_014029
white_whale_osmosis,White Whale (Osmosis),20250330_014029
white_whale_terra,White Whale (Terra),20250330_014029
wigoswap,Wigoswap,20250330_014029
wingriders,WingRiders,20250330_014029
wombat,Wombat Exchange (BNB),20250330_014029
wombat_arbitrum,Wombat (Arbitrum),20250330_014029
woofi,WOOFi,20250330_014029
woofswap,WoofSwap,20250330_014029
woo_network_futures,WOO X (Futures),20250330_014029
wootrade,WOO X,20250330_014029
wufiswap,Wufiswap,20250330_014029
x7-finance-base,X7 Finance (Base),20250330_014029
x7-finance-ethereum,X7 Finance (Ethereum),20250330_014029
xave,Xave Finance,20250330_014029
xcad,XCAD DEX,20250330_014029
xdx,XDX,20250330_014029
xeggex,XeggeX,20250330_014029
xenos-swap,Xenos Swap,20250330_014029
xswap,XSwap,20250330_014029
xswap-v3,XSwap Protocol V3,20250330_014029
xt,XT.COM,20250330_014029
xt_derivatives,XT.COM (Derivatives),20250330_014029
yaka-finance,Yaka Finance,20250330_014029
yobit,YoBit,20250330_014029
yodeswap,Yodeswap,20250330_014029
yokaiswap,Yokaiswap,20250330_014029
yoshi_exchange_bsc,Yoshi.exchange (BSC),20250330_014029
yoshi_exchange_ftm,Yoshi.exchange (Fantom),20250330_014029
zaif,Zaif,20250330_014029
zbx,ZBX,20250330_014029
zebitex,Zebitex,20250330_014029
zebpay,ZebPay,20250330_014029
zenlink_astar,Zenlink (Astar),20250330_014029
zenlink_bitfrost_kusama,Zenlink (Bifrost Kusama),20250330_014029
zenlink_moonbeam,Zenlink (Moonbeam),20250330_014029
zenlink_moonriver,Zenlink (Moonriver),20250330_014029
zero_ex,0x Protocol,20250330_014029
zilswap,ZilSwap,20250330_014029
zipmex,Zipmex,20250330_014029
zipswap,ZipSwap,20250330_014029
zkera_finance,zkEra Finance,20250330_014029
zkera-finance-metis,zkEra Finance (Metis),20250330_014029
zkera-finance-telos,zkEra Finance (Telos),20250330_014029
zkswap-finance,zkSwap Finance,20250330_014029
zkswap-finance-stableswap,zkSwap Finance StableSwap,20250330_014029
zkswap-v3,zkSwap Finance V3,20250330_014029
zora-energy-swap,Zora Energy Swap,20250330_014029
zyberswap,Zyberswap,20250330_014029
