id,contract_address,name,asset_platform_id,symbol,created_at
autoglyphs,0xd4e4078ca3495de5b1d4db434bebc5a986197782,Autoglyphs,ethereum,‚òµ,20250330_014029
meebits,0x7Bd29408f11D2bFC23c34f18275bBf23bB716Bc7,Meebits,ethereum,‚öá,20250330_014029
spacepunksclub,0x45db714f24f5a313569c41683047f1d49e78ba07,SpacePunksClub,ethereum,‚öá,20250330_014029
mooncats-acclimated,0xc3f733ca98e0dad0386979eb96fb1722a1a05e69,MoonCats - Acclimated,ethereum,üò∫,20250330_014029
beranames,0x5ede4408e78c36c3ab16c5813c418624c2823b27,Beranames,berachain,üêªü™™,20250330_014029
0n1force,0x3bf2922f4520a8ba0c2efc3d2a1539678dad5e9d,0N1 Force,ethereum,0N1,20250330_014029
0rphans,,0rphans,solana,0RPHANS,20250330_014029
0xmons,0x0427743DF720801825a5c82e0582B1E915E0F750,0xmons,ethereum,0XMON,20250330_014029
100-web-characters,0xc4252cadeff39a78d92b3150f08e4cadf88a8095,100 Web Characters,avalanche,100WEBCHARS,20250330_014029
10ktf-combat-gear,0xe75ef1ec029c71c9db0f968e389331609312aa22,10KTF Combat Gear,ethereum,10KTF,20250330_014029
10ktf,0x0cfb5d82be2b949e8fa73a656df91821e2ad99fd,10KTF,ethereum,10KTF,20250330_014029
10ktf-stockroom,0x7daec605e9e2a1717326eedfd660601e2753a057,10KTF Stockroom,ethereum,10KTF-STOCKROOM,20250330_014029
1111-by-kevin-abosch,0x7F72528229F85C99D8843C0317eF91F4A2793Edf,1111 by Kevin Abosch,ethereum,1111,20250330_014029
1252,,#1252,solana,1252,20250330_014029
1337-skulls,0x9251dEC8DF720C2ADF3B6f46d968107cbBADf4d4,1337 skulls,ethereum,1337skulls,20250330_014029
50-years-of-atari,0x9231f13343f871b051fa5002e8c04beed91b4f62,50 Years of Atari,ethereum,1972,20250330_014029
1989-sisters,0x657fabdb226abc59227e02e94089afbc67a597fe,1989 Sisters,ethereum,1989-Sisters,20250330_014029
1-benk-note,,$1 Benk Note,solana,1BENKNOTE,20250330_014029
1benknote-shs,,$1benknote SHS,solana,1BENKNOTE-SHS,20250330_014029
matr1x-2061,0x9a27d13a4896baa03843a0728dff6007d665f8ee,Matr1x 2061,ethereum,2061,20250330_014029
24-hours-of-art,0x1067b71aac9e2f2b1a4e6ab6c1ed10510876924a,24 Hours of Art,ethereum,24ART,20250330_014029
the-333-club,0x4fc0f57eaf5c08d0b8e72cad5d7e5a4e0ecc1a24,333Club,ethereum,333ClubPass,20250330_014029
3landers,0xb4d06d46a8285f4ec79fd294f78a881799d8ced9,3Landers,ethereum,3L,20250330_014029
michelin-3xplorer-club,0x87ec044115cd9e0e09221031441640ee48b3a8f2,Michelin 3xplorer Club,ethereum,3xplr,20250330_014029
5-boro-bodega-x-reddit-collectible-avatars,0x27B37E4Befacc50B02102d1E2117c4EA8A54bEFf,5 Boro Bodega x Reddit Collectible Avatars,polygon-pos,5-BORO-BODEGA-X-REDDIT-COLLECTIBLE-AVATARS,20250330_014029
6529-gradient,0x0c58ef43ff3032005e472cb5709f8908acb00205,6529 Gradient,ethereum,6529G,20250330_014029
the-anon-club,,The Anon Club‚Ñ¢,solana,888AC,20250330_014029
alienzone,0x10d2baeb37a4079fc62cc716b08e2452936424b1,Alienzone,arbitrum-one,888 Alien,20250330_014029
888-inner-circle,0x36d30b3b85255473d27dd0f7fd8f35e36a9d6f06,888 inner circle,ethereum,888-INNER-CIRCLE,20250330_014029
8liens,0x740c178e10662bBb050BDE257bFA318dEfE3cabC,8liens NFT,ethereum,8liens,20250330_014029
8SIAN,0x198478f870d97d62d640368d111b979d7ca3c38f,8SIAN,ethereum,8SIAN,20250330_014029
porsch-911,0xccdf1373040d9ca4b5be1392d1945c1dae4a862c,PORSCHE 911,ethereum,911,20250330_014029
99-originals,0x1c49ed56da6be87b804bc1b8b817a259aa3132ed,99 Originals,ethereum,99ORIG,20250330_014029
aurorians,,Aurorians,solana,A,20250330_014029
angry-ape-army,0x77640cf3F89A4F1B5CA3A1e5c87f3F5B12ebf87e,Angry Ape Army,ethereum,AAA,20250330_014029
angry-ape-army-evolution-collection,0x74f1716a9f452dd36d945368d806cd491290b240,Angry Ape Army Evolution Collection,ethereum,AAAEVO,20250330_014029
anomaly-a-i-by-star-im,0x7a31c6726f358fad0783110a46ef489372fbfc65,ANOMALY A.I. by Star Im,ethereum,AAI,20250330_014029
abstracted-ape-yacht-club,0x6a2b098c8ee75167296db222e18ee709d7c4b9d3,Abstracted Ape Yacht Club,abstract,AAYC,20250330_014029
abasho,0xe9c79b33c3a06f5ae7369599f5a1e2ff886e17f0,Abasho,ethereum,ABASHO,20250330_014029
abc,,ABC,solana,ABC,20250330_014029
abstract-pass-holder,0x841efbe8d2e9d95138c1fd9a19c5d4678bdac6b1,Abstract Pass Holder,abstract,ABS,20250330_014029
adam-bomb-squad,0x7ab2352b1d2e185560494d5e577f9d3c238b78c5,Adam Bomb Squad,ethereum,ABS,20250330_014029
abstract-pixel-rocks,0xe6470fbefcc40e06bc11844508142363db1bae81,Abstract Pixel Rocks,abstract,ABS,20250330_014029
abstract-phunks,0x3e21326c0a2aa511b5c9035369b3a53ba385657f,Abstract Phunks,abstract,ABS,20250330_014029
abstract-rock,0x7a56ae317462d29a29ff147247cfb2cded2aab2e,Abstract Rock,abstract,ABS,20250330_014029
abstractpunks,0x2df9fb70d4702c0fda7200de4e722cfe102e9908,AbstractPunks,abstract,ABS,20250330_014029
abstract-bots-corrupted,0xbce369bbf3e1ea0be7e11fdaee56d96e58f5ee1c,Abstract Bots Corrupted,abstract,ABSBOT,20250330_014029
abstract-cats,0x8bcdf7a95dfc16407f1148597a01aa9308950ed4,Abstract Cats,abstract,ABSCAT,20250330_014029
abstract-frens,0x1d3a9b857fa15b9f5fb5be1264ff31527f366115,Abstract Frens,abstract,AbsFrens,20250330_014029
abstract-shark,0x859ec84a445bf2b46051649d0d6d7f183cc9eb56,Abstract Shark,abstract,ABSH,20250330_014029
abstract-being-by-memphis,ORDINALS_UNKNOWN_CONTRACT_ADDRESS_ABSTRACTBEINGS,Abstract Being by memphis,ordinals,ABSTRACTBEINGS,20250330_014029
abstract-ghosts,0x62bc693332d1a50273b3103a2cf3ed120771b09d,Abstract Ghosts,abstract,abstract_ghosts,20250330_014029
abstract-hotdogs,0x265f307c1bdbb6f5d4b174d47f363ef5837be98b,Abstract Hotdogs,abstract,abstract_hotdogs,20250330_014029
abstractors,0x66de4d3ad9a490e4f090d60bff1b82723150abb3,Abstractors,abstract,ABSTRACTORS,20250330_014029
abstract_penguins,0x24434870e0643f9eaa877a83cd294715dadf2273,Abstract_Penguins,abstract,Abstract_Penguins,20250330_014029
abstract-pepes,0xc97cbba151ed084ed49a0c53b93a8f2e805c5489,Abstract Pepes,abstract,abstract_pepes,20250330_014029
abstra-universe,0xe501994195b9951413411395ed1921a88eff694e,Abstra Universe,abstract,abstraunivere,20250330_014029
abstractions,0xc469c6dbfd7a48d0bfe1556935074fe3a4f3c96c,Abstractions,abstract,ABSX,20250330_014029
al-cabones,0x8ca5209d8cce34b0de91c2c4b4b14f20aff8ba23,Al Cabones,ethereum,ACBN,20250330_014029
midnight-society-founders-access-pass,0x89a4875c190565505b7891b700c2c6dc91816a47,AccessPass,polygon-pos,AccessPass,20250330_014029
act-i-collection,,ACT I - Collection,solana,ACTINFT,20250330_014029
aligndraw,0x9cf0ab1cc434db83097b7e9c831a764481dec747,alignDRAW,ethereum,aD,20250330_014029
a-daydream-for-libby-by-genlight,0xf5f0c19c4fc2dc2a69edcfcae9e29892d544333b,A Daydream For Libby by genlight,ethereum,ADFL,20250330_014029
adidas-originals-into-the-metaverse,0x28472a58A490c5e09A238847F66A68a47cC76f0f,adidas Originals Into the Metaverse,ethereum,ADI,20250330_014029
adidas-originals-meta-capsule,0x455c732fee7b5c3b09531439b598ead4817d5274,adidas Originals Meta Capsule,ethereum,ADIDAS-ORIGINALS-META-CAPSULE,20250330_014029
admit-one,0xd2a077ec359d94e0a0b7e84435eacb40a67a817c,Admit One,ethereum,ADMIT,20250330_014029
abstract-edition,0xc40c173a42620e98add7d8974d93d9edced27c88,Abstract Edition,abstract,AE,20250330_014029
project-aeon,0xc374a204334d4edd4c6a62f0867c752d65e9579c,Project AEON,ethereum,AEON,20250330_014029
aeons,54f6eda5d9d4adf71f244ca8e0c6199223b2f20f9cf02902825e66b6d92a8bc8i0,Aeons,ordinals,AEONSBTC,20250330_014029
alter-ego-punks,0xc581cc4582abd5aa4ab5b6d1f27f71d13518c9dd,Alter Ego Punks,avalanche,AEPG0,20250330_014029
alien-frens-evolution,0x47a00fc8590c11be4c419d9ae50dec267b6e24ee,Alien Frens Evolution,ethereum,AFE,20250330_014029
afel,,AFEL,solana,AFEL,20250330_014029
ai-fly-pepe,0xf239ffe9ddf8727ffa41cc96968ea8d05eca1933,Ai Fly Pepe,berachain,AFP,20250330_014029
after-the-filter,stars1nf53vw5mulj9y6f66vxj2j98mkpny5nm46lkwytjk9wuj6ccsp2s34n6na,After the Filter,stargaze,After the Filter,20250330_014029
a-fundamental-dispute,0x0c60b40289ff15ff6afdfa668d1a743dc6e53cf3,A Fundamental Dispute,ethereum,AFUNDAMENTALDISPUTE,20250330_014029
alpha-gardeners,,Alpha Gardeners,solana,AG,20250330_014029
alpha-gardeners-pass,0x88f753c48008b938dd7f78751d3106d04ee432e3,Alpha Gardeners Pass,ethereum,AGP,20250330_014029
anomaly-genesis-passport,0xf1d7360ff10e42aed055f1c987231185a427adcc,Anomaly Genesis Passport,ethereum,AGP,20250330_014029
ape-hater-club,0x9370045ce37f381500ac7d6802513bb89871e076,Ape Hater Club,ethereum,AHC,20250330_014029
avalanche-hills-muscle-cars,0x66f703e48f68c03fffee0eaee7be2fe411cb3713,Avalanche Hills Muscle Cars,avalanche,AHMC,20250330_014029
ai16z-waifu,,Ai16z Waifu,solana,AI16ZWAIFU,20250330_014029
ai16z-boyfriend,,AI16z Boyfriend,solana,AIBF,20250330_014029
asm-aifa-all-stars,0x96be46c50e882dbd373081d08e0cde2b055adf6c,ASM AIFA All-Stars,ethereum,AIFACharacter,20250330_014029
a-aiko-virtual,0xb661ab9bcd2878c5f8c136f67fd550a9d7df7197,A:\Aiko Virtual,ethereum,AIKO,20250330_014029
ailu,fb09c6a302543294188f44e4e91b0b986ad20c92b556d651d59f4f9d85bfa4dbi0,AILU,ordinals,AILU,20250330_014029
ainn-rune-star,a1248094bdd721508d44a0be96bd6d81c667d8bd8e10c5117673762458a8745ai1066,AINN Rune Star,ordinals,AINNRUNESTAR,20250330_014029
ai-whisky,0xa2a8fbbacd45528ffec45ced448a9e2a9c3cfcff,Ai Whisky,avalanche,AIWHISKY,20250330_014029
aixbt-partners,,aixbt partners,solana,AIXBT,20250330_014029
ai16z-nft,,ai16z NFT,solana,AIZNFT,20250330_014029
ai-key,0x91b38dcbb99dc51125fc73f05217b23575613117,AI Key,ethereum,AK,20250330_014029
ape-kids-club-akc,0x9bf252f97891b907f002f2887eff9246e3054080,Ape Kids Club (AKC),ethereum,AKC,20250330_014029
alpha-kongs-club-akc,0xdbcab7a768ea9a00b2ffa5a2eb387cad609e2114,Alpha Kongs Club - AKC,ethereum,AKC,20250330_014029
a-kid-called-beast,0x77372a4cc66063575b05b44481f059be356964a4,a KID called BEAST,ethereum,AKCB,20250330_014029
akutars,0xaad35c2dadbe77f97301617d82e661776c891fa9,Akutars,ethereum,AKU,20250330_014029
aku-chapter-iii-by-micah-johnson,0x6c9369dc930fd794ad0af7511f483d936a2ef7f3,Aku: Chapter III by Micah Johnson,ethereum,AKU,20250330_014029
akumu-dragonz,0xc1ad47aeb274157e24a5f01b5857830aef962843,Akumu Dragonz,ethereum,AKUMU,20250330_014029
memoria-al,0xecaac696474c550e222b34891f8198836d6ce2e6,MEMORIA - AL,ethereum,ALBERT,20250330_014029
alfadao-access-cards,0xd1ad8ebfb0fb6306962e48260cf1e8062eb28cfa,AlfaDAO,ethereum,ALFA,20250330_014029
tomorrowland-a-letter-from-the-universe,,Tomorrowland: A Letter from the Universe,solana,ALFTU,20250330_014029
aliens-on-abstract,0xba8370cb5e2231c7291715012d3b5a685d2f9594,Aliens On Abstract,abstract,ALI,20250330_014029
